species	ref	alt	neither	ref/alt
chimpanzee	2208	1148	1064	1.9233449477351916
gorilla	2533	1568	101	1.6154336734693877
orangutan	1886	1045	1037	1.8047846889952153
macaque	1823	1076	1141	1.6942379182156133
rabbit	655	382	566	1.7146596858638743
egyptian_jerboa	514	359	547	1.4317548746518105
prairie_vole	500	326	516	1.5337423312883436
rat	582	427	269	1.3629976580796253
mouse	582	438	281	1.3287671232876712
musk_ox	814	571	792	1.425569176882662
sheep	769	548	788	1.4032846715328466
cow	1009	748	352	1.3489304812834224
cat	1015	786	331	1.2913486005089059
dog	1052	807	313	1.3035935563816605
elephant	737	523	744	1.4091778202676863
